[{
  "model": "courses.course",
  "pk": 1,
  "fields": {
    "identifier": "d4ce2e90-32f5-45e0-b139-6ab38397ce1f",
    "title": "Working With Children Check"
  }
}, {
  "model": "courses.course",
  "pk": 2,
  "fields": {
    "identifier": "57b98489-a7b1-4100-a4d4-e955a7849477",
    "title": "First Aid Certificate"
  }
}, {
  "model": "courses.course",
  "pk": 3,
  "fields": {
    "identifier": "77a2f89e-5c82-4557-b99a-eecaa2ccf1cc",
    "title": "Level 1 Football Coaching"
  }
}, {
  "model": "courses.course",
  "pk": 6,
  "fields": {
    "identifier": "57c70037-d034-443a-852f-d2081a62f75b",
    "title": "VIT Teacher Registration"
  }
}, {
  "model": "courses.course",
  "pk": 7,
  "fields": {
    "identifier": "7cca208b-a0ab-4357-a83b-0a1b2070f102",
    "title": "Provide CPR"
  }
}, {
  "model": "courses.course",
  "pk": 8,
  "fields": {
    "identifier": "75e342fd-311c-422b-b06a-3313d47b72c7",
    "title": "Bachelor of Commerce"
  }
}, {
  "model": "organisations.organisation",
  "pk": 1,
  "fields": {
    "identifier": "4aa1cb18-a1ea-4fe5-a241-d2b991f121cb",
    "name": "Southern Peninsula Basketball Association",
    "address": "Old White Hill Road, Dromana VIC 3936",
    "industry": 17,
    "children": []
  }
}, {
  "model": "organisations.organisation",
  "pk": 5,
  "fields": {
    "identifier": "05544c78-1253-49c4-b765-3348d6bedb74",
    "name": "Water Polo Victoria",
    "address": "Box 11, Melbourne Sports & Aquatic Centre Aughtie Drive Albert Park, Victoria, 3206",
    "industry": 34,
    "children": []
  }
}, {
  "model": "organisations.organisation",
  "pk": 6,
  "fields": {
    "identifier": "04308765-622e-4c9e-a488-cf5d6bd2b766",
    "name": "Happy Hippos Childcare",
    "address": "25 Nottinghill Rd, Prahran East 3691",
    "industry": 2,
    "children": []
  }
}, {
  "model": "organisations.industry",
  "pk": 1,
  "fields": {
    "identifier": "c4210022-ff60-4234-8ab2-b7ceecf5b647",
    "name": "Camps"
  }
}, {
  "model": "organisations.industry",
  "pk": 2,
  "fields": {
    "identifier": "ede97ac2-49d7-40ae-a5a5-e693f8a5169c",
    "name": "Childcare"
  }
}, {
  "model": "organisations.industry",
  "pk": 3,
  "fields": {
    "identifier": "fc1cd4ef-ca85-4abf-9cb3-e72b78b32882",
    "name": "Construction"
  }
}, {
  "model": "organisations.industry",
  "pk": 4,
  "fields": {
    "identifier": "8fa7dd6a-0b96-43cf-9303-b58a1cf21279",
    "name": "Disability Services"
  }
}, {
  "model": "organisations.industry",
  "pk": 5,
  "fields": {
    "identifier": "ca95ba0c-4918-45c9-9c14-683e39474437",
    "name": "Government"
  }
}, {
  "model": "organisations.industry",
  "pk": 6,
  "fields": {
    "identifier": "80392a3b-c52d-49a9-93aa-5c175123fd86",
    "name": "Healthcare"
  }
}, {
  "model": "organisations.industry",
  "pk": 7,
  "fields": {
    "identifier": "644c49fb-3164-468d-b529-bdc4a09b55cb",
    "name": "Hospitality"
  }
}, {
  "model": "organisations.industry",
  "pk": 8,
  "fields": {
    "identifier": "63dbecd6-7b4d-42c9-ba98-73dbd53c48b1",
    "name": "Law"
  }
}, {
  "model": "organisations.industry",
  "pk": 9,
  "fields": {
    "identifier": "500d031a-ad1d-41fd-a1e9-2e82265aacb3",
    "name": "Not-For-Profit"
  }
}, {
  "model": "organisations.industry",
  "pk": 10,
  "fields": {
    "identifier": "c5baa276-3620-4f3a-b488-f00224fb1606",
    "name": "Other"
  }
}, {
  "model": "organisations.industry",
  "pk": 11,
  "fields": {
    "identifier": "35807e37-1f8f-46f5-8bce-8d0b0821ff06",
    "name": "Recreation Centre"
  }
}, {
  "model": "organisations.industry",
  "pk": 12,
  "fields": {
    "identifier": "72e162b6-c9d2-4c69-816b-592c5bb73f7f",
    "name": "Religious Group"
  }
}, {
  "model": "organisations.industry",
  "pk": 13,
  "fields": {
    "identifier": "ab90ce23-9427-43a4-acf3-09b795ba0ee7",
    "name": "Retail"
  }
}, {
  "model": "organisations.industry",
  "pk": 14,
  "fields": {
    "identifier": "c50c5004-caf7-4a05-94c2-05f89626c424",
    "name": "RTO"
  }
}, {
  "model": "organisations.industry",
  "pk": 15,
  "fields": {
    "identifier": "337c705f-0771-4c63-93f8-cf13d7b18c76",
    "name": "School"
  }
}, {
  "model": "organisations.industry",
  "pk": 16,
  "fields": {
    "identifier": "b8545a63-7f1e-4b26-a007-543a104673db",
    "name": "Sport: Baseball"
  }
}, {
  "model": "organisations.industry",
  "pk": 17,
  "fields": {
    "identifier": "e63d3ea3-8e12-4cff-9d1f-e6d50198524c",
    "name": "Sport: Basketball"
  }
}, {
  "model": "organisations.industry",
  "pk": 18,
  "fields": {
    "identifier": "804a63e6-69a6-470c-8b8d-49cd81871028",
    "name": "Sport: Cheerleading"
  }
}, {
  "model": "organisations.industry",
  "pk": 19,
  "fields": {
    "identifier": "57d2d9b0-411d-49ff-ad24-90d0423bde7e",
    "name": "Sport: Cricket"
  }
}, {
  "model": "organisations.industry",
  "pk": 20,
  "fields": {
    "identifier": "af992dc8-3d1d-4d80-b73a-b7ebf52fb620",
    "name": "Sport: Dance"
  }
}, {
  "model": "organisations.industry",
  "pk": 21,
  "fields": {
    "identifier": "c42bc2af-3f4f-48d9-84c2-43dcb5127c46",
    "name": "Sport: Football"
  }
}, {
  "model": "organisations.industry",
  "pk": 22,
  "fields": {
    "identifier": "f411da22-7c93-41e5-9bc7-daf78995a2c2",
    "name": "Sport: General"
  }
}, {
  "model": "organisations.industry",
  "pk": 23,
  "fields": {
    "identifier": "7102b05c-4d31-433a-9e97-6fe32f70973c",
    "name": "Sport: Golf"
  }
}, {
  "model": "organisations.industry",
  "pk": 24,
  "fields": {
    "identifier": "a6d63f78-f00f-4c34-910b-274763352621",
    "name": "Sport: Gymnastics"
  }
}, {
  "model": "organisations.industry",
  "pk": 25,
  "fields": {
    "identifier": "090f1bce-3280-4588-931d-093a5f2b6042",
    "name": "Sport: Hockey"
  }
}, {
  "model": "organisations.industry",
  "pk": 26,
  "fields": {
    "identifier": "d6a3b69f-497b-467f-b451-517b8c807426",
    "name": "Sport: Netball"
  }
}, {
  "model": "organisations.industry",
  "pk": 27,
  "fields": {
    "identifier": "22c8f188-20fb-4fc5-b090-7b0f97f1c47f",
    "name": "Sport: Rowing"
  }
}, {
  "model": "organisations.industry",
  "pk": 28,
  "fields": {
    "identifier": "cc6b4a31-8929-4750-b2d1-8c78c96eebd9",
    "name": "Sport: Soccer"
  }
}, {
  "model": "organisations.industry",
  "pk": 29,
  "fields": {
    "identifier": "18f26dba-2ba7-4928-86ff-b3b5185f8b11",
    "name": "Sport: Squash and Racquetball"
  }
}, {
  "model": "organisations.industry",
  "pk": 30,
  "fields": {
    "identifier": "668d314d-f84d-4382-8523-55b2eb5b3e2f",
    "name": "Sport: Surf Life Saving"
  }
}, {
  "model": "organisations.industry",
  "pk": 31,
  "fields": {
    "identifier": "257fc826-1da5-427e-b4ea-5c9ef7403733",
    "name": "Sport: Swimming"
  }
}, {
  "model": "organisations.industry",
  "pk": 32,
  "fields": {
    "identifier": "962da093-c1fa-4153-ba68-5742430112f8",
    "name": "Sport: Tennis"
  }
}, {
  "model": "organisations.industry",
  "pk": 33,
  "fields": {
    "identifier": "654b2cb7-b1a9-4239-8c4e-5359b4ed4bb7",
    "name": "Sport: Volleyball"
  }
}, {
  "model": "organisations.industry",
  "pk": 34,
  "fields": {
    "identifier": "3e803eb8-0c3d-45d2-85d9-5e71fef840d9",
    "name": "Sport: Water Polo"
  }
}, {
  "model": "organisations.industry",
  "pk": 35,
  "fields": {
    "identifier": "6add9443-bfff-42ca-8a96-f157736e03d7",
    "name": "Software"
  }
}, {
  "model": "contenttypes.contenttype",
  "pk": 1,
  "fields": {
    "app_label": "accounts",
    "model": "user"
  }
}, {
  "model": "contenttypes.contenttype",
  "pk": 2,
  "fields": {
    "app_label": "courses",
    "model": "course"
  }
}, {
  "model": "contenttypes.contenttype",
  "pk": 3,
  "fields": {
    "app_label": "courses",
    "model": "curriculum"
  }
}, {
  "model": "contenttypes.contenttype",
  "pk": 4,
  "fields": {
    "app_label": "courses",
    "model": "provider"
  }
}, {
  "model": "contenttypes.contenttype",
  "pk": 5,
  "fields": {
    "app_label": "courses",
    "model": "qualification"
  }
}, {
  "model": "contenttypes.contenttype",
  "pk": 6,
  "fields": {
    "app_label": "licences",
    "model": "licence"
  }
}, {
  "model": "contenttypes.contenttype",
  "pk": 7,
  "fields": {
    "app_label": "licences",
    "model": "subscription"
  }
}, {
  "model": "contenttypes.contenttype",
  "pk": 8,
  "fields": {
    "app_label": "organisations",
    "model": "group"
  }
}, {
  "model": "contenttypes.contenttype",
  "pk": 9,
  "fields": {
    "app_label": "organisations",
    "model": "grouprequirements"
  }
}, {
  "model": "contenttypes.contenttype",
  "pk": 10,
  "fields": {
    "app_label": "organisations",
    "model": "member"
  }
}, {
  "model": "contenttypes.contenttype",
  "pk": 11,
  "fields": {
    "app_label": "organisations",
    "model": "organisation"
  }
}, {
  "model": "contenttypes.contenttype",
  "pk": 12,
  "fields": {
    "app_label": "organisations",
    "model": "role"
  }
}, {
  "model": "contenttypes.contenttype",
  "pk": 13,
  "fields": {
    "app_label": "organisations",
    "model": "rolerequirements"
  }
}, {
  "model": "contenttypes.contenttype",
  "pk": 14,
  "fields": {
    "app_label": "organisations",
    "model": "industry"
  }
}, {
  "model": "contenttypes.contenttype",
  "pk": 15,
  "fields": {
    "app_label": "organisations",
    "model": "compliancehistory"
  }
}, {
  "model": "contenttypes.contenttype",
  "pk": 16,
  "fields": {
    "app_label": "authtoken",
    "model": "token"
  }
}, {
  "model": "contenttypes.contenttype",
  "pk": 17,
  "fields": {
    "app_label": "admin",
    "model": "logentry"
  }
}, {
  "model": "contenttypes.contenttype",
  "pk": 18,
  "fields": {
    "app_label": "auth",
    "model": "permission"
  }
}, {
  "model": "contenttypes.contenttype",
  "pk": 19,
  "fields": {
    "app_label": "auth",
    "model": "group"
  }
}, {
  "model": "contenttypes.contenttype",
  "pk": 20,
  "fields": {
    "app_label": "contenttypes",
    "model": "contenttype"
  }
}, {
  "model": "contenttypes.contenttype",
  "pk": 21,
  "fields": {
    "app_label": "sessions",
    "model": "session"
  }
}, {
  "model": "auth.permission",
  "pk": 1,
  "fields": {
    "name": "Can add user",
    "content_type": 1,
    "codename": "add_user"
  }
}, {
  "model": "auth.permission",
  "pk": 2,
  "fields": {
    "name": "Can change user",
    "content_type": 1,
    "codename": "change_user"
  }
}, {
  "model": "auth.permission",
  "pk": 3,
  "fields": {
    "name": "Can delete user",
    "content_type": 1,
    "codename": "delete_user"
  }
}, {
  "model": "auth.permission",
  "pk": 4,
  "fields": {
    "name": "Can add course",
    "content_type": 2,
    "codename": "add_course"
  }
}, {
  "model": "auth.permission",
  "pk": 5,
  "fields": {
    "name": "Can change course",
    "content_type": 2,
    "codename": "change_course"
  }
}, {
  "model": "auth.permission",
  "pk": 6,
  "fields": {
    "name": "Can delete course",
    "content_type": 2,
    "codename": "delete_course"
  }
}, {
  "model": "auth.permission",
  "pk": 7,
  "fields": {
    "name": "Can add curriculum",
    "content_type": 3,
    "codename": "add_curriculum"
  }
}, {
  "model": "auth.permission",
  "pk": 8,
  "fields": {
    "name": "Can change curriculum",
    "content_type": 3,
    "codename": "change_curriculum"
  }
}, {
  "model": "auth.permission",
  "pk": 9,
  "fields": {
    "name": "Can delete curriculum",
    "content_type": 3,
    "codename": "delete_curriculum"
  }
}, {
  "model": "auth.permission",
  "pk": 10,
  "fields": {
    "name": "Can add provider",
    "content_type": 4,
    "codename": "add_provider"
  }
}, {
  "model": "auth.permission",
  "pk": 11,
  "fields": {
    "name": "Can change provider",
    "content_type": 4,
    "codename": "change_provider"
  }
}, {
  "model": "auth.permission",
  "pk": 12,
  "fields": {
    "name": "Can delete provider",
    "content_type": 4,
    "codename": "delete_provider"
  }
}, {
  "model": "auth.permission",
  "pk": 13,
  "fields": {
    "name": "Can add qualification",
    "content_type": 5,
    "codename": "add_qualification"
  }
}, {
  "model": "auth.permission",
  "pk": 14,
  "fields": {
    "name": "Can change qualification",
    "content_type": 5,
    "codename": "change_qualification"
  }
}, {
  "model": "auth.permission",
  "pk": 15,
  "fields": {
    "name": "Can delete qualification",
    "content_type": 5,
    "codename": "delete_qualification"
  }
}, {
  "model": "auth.permission",
  "pk": 16,
  "fields": {
    "name": "Can add licence",
    "content_type": 6,
    "codename": "add_licence"
  }
}, {
  "model": "auth.permission",
  "pk": 17,
  "fields": {
    "name": "Can change licence",
    "content_type": 6,
    "codename": "change_licence"
  }
}, {
  "model": "auth.permission",
  "pk": 18,
  "fields": {
    "name": "Can delete licence",
    "content_type": 6,
    "codename": "delete_licence"
  }
}, {
  "model": "auth.permission",
  "pk": 19,
  "fields": {
    "name": "Can add subscription",
    "content_type": 7,
    "codename": "add_subscription"
  }
}, {
  "model": "auth.permission",
  "pk": 20,
  "fields": {
    "name": "Can change subscription",
    "content_type": 7,
    "codename": "change_subscription"
  }
}, {
  "model": "auth.permission",
  "pk": 21,
  "fields": {
    "name": "Can delete subscription",
    "content_type": 7,
    "codename": "delete_subscription"
  }
}, {
  "model": "auth.permission",
  "pk": 22,
  "fields": {
    "name": "Can add group",
    "content_type": 8,
    "codename": "add_group"
  }
}, {
  "model": "auth.permission",
  "pk": 23,
  "fields": {
    "name": "Can change group",
    "content_type": 8,
    "codename": "change_group"
  }
}, {
  "model": "auth.permission",
  "pk": 24,
  "fields": {
    "name": "Can delete group",
    "content_type": 8,
    "codename": "delete_group"
  }
}, {
  "model": "auth.permission",
  "pk": 25,
  "fields": {
    "name": "Can add group requirements",
    "content_type": 9,
    "codename": "add_grouprequirements"
  }
}, {
  "model": "auth.permission",
  "pk": 26,
  "fields": {
    "name": "Can change group requirements",
    "content_type": 9,
    "codename": "change_grouprequirements"
  }
}, {
  "model": "auth.permission",
  "pk": 27,
  "fields": {
    "name": "Can delete group requirements",
    "content_type": 9,
    "codename": "delete_grouprequirements"
  }
}, {
  "model": "auth.permission",
  "pk": 28,
  "fields": {
    "name": "Can add member",
    "content_type": 10,
    "codename": "add_member"
  }
}, {
  "model": "auth.permission",
  "pk": 29,
  "fields": {
    "name": "Can change member",
    "content_type": 10,
    "codename": "change_member"
  }
}, {
  "model": "auth.permission",
  "pk": 30,
  "fields": {
    "name": "Can delete member",
    "content_type": 10,
    "codename": "delete_member"
  }
}, {
  "model": "auth.permission",
  "pk": 31,
  "fields": {
    "name": "Can add organisation",
    "content_type": 11,
    "codename": "add_organisation"
  }
}, {
  "model": "auth.permission",
  "pk": 32,
  "fields": {
    "name": "Can change organisation",
    "content_type": 11,
    "codename": "change_organisation"
  }
}, {
  "model": "auth.permission",
  "pk": 33,
  "fields": {
    "name": "Can delete organisation",
    "content_type": 11,
    "codename": "delete_organisation"
  }
}, {
  "model": "auth.permission",
  "pk": 34,
  "fields": {
    "name": "Can add role",
    "content_type": 12,
    "codename": "add_role"
  }
}, {
  "model": "auth.permission",
  "pk": 35,
  "fields": {
    "name": "Can change role",
    "content_type": 12,
    "codename": "change_role"
  }
}, {
  "model": "auth.permission",
  "pk": 36,
  "fields": {
    "name": "Can delete role",
    "content_type": 12,
    "codename": "delete_role"
  }
}, {
  "model": "auth.permission",
  "pk": 37,
  "fields": {
    "name": "Can add role requirements",
    "content_type": 13,
    "codename": "add_rolerequirements"
  }
}, {
  "model": "auth.permission",
  "pk": 38,
  "fields": {
    "name": "Can change role requirements",
    "content_type": 13,
    "codename": "change_rolerequirements"
  }
}, {
  "model": "auth.permission",
  "pk": 39,
  "fields": {
    "name": "Can delete role requirements",
    "content_type": 13,
    "codename": "delete_rolerequirements"
  }
}, {
  "model": "auth.permission",
  "pk": 40,
  "fields": {
    "name": "Can add industry",
    "content_type": 14,
    "codename": "add_industry"
  }
}, {
  "model": "auth.permission",
  "pk": 41,
  "fields": {
    "name": "Can change industry",
    "content_type": 14,
    "codename": "change_industry"
  }
}, {
  "model": "auth.permission",
  "pk": 42,
  "fields": {
    "name": "Can delete industry",
    "content_type": 14,
    "codename": "delete_industry"
  }
}, {
  "model": "auth.permission",
  "pk": 43,
  "fields": {
    "name": "Can add compliance history",
    "content_type": 15,
    "codename": "add_compliancehistory"
  }
}, {
  "model": "auth.permission",
  "pk": 44,
  "fields": {
    "name": "Can change compliance history",
    "content_type": 15,
    "codename": "change_compliancehistory"
  }
}, {
  "model": "auth.permission",
  "pk": 45,
  "fields": {
    "name": "Can delete compliance history",
    "content_type": 15,
    "codename": "delete_compliancehistory"
  }
}, {
  "model": "auth.permission",
  "pk": 46,
  "fields": {
    "name": "Can add Token",
    "content_type": 16,
    "codename": "add_token"
  }
}, {
  "model": "auth.permission",
  "pk": 47,
  "fields": {
    "name": "Can change Token",
    "content_type": 16,
    "codename": "change_token"
  }
}, {
  "model": "auth.permission",
  "pk": 48,
  "fields": {
    "name": "Can delete Token",
    "content_type": 16,
    "codename": "delete_token"
  }
}, {
  "model": "auth.permission",
  "pk": 49,
  "fields": {
    "name": "Can add log entry",
    "content_type": 17,
    "codename": "add_logentry"
  }
}, {
  "model": "auth.permission",
  "pk": 50,
  "fields": {
    "name": "Can change log entry",
    "content_type": 17,
    "codename": "change_logentry"
  }
}, {
  "model": "auth.permission",
  "pk": 51,
  "fields": {
    "name": "Can delete log entry",
    "content_type": 17,
    "codename": "delete_logentry"
  }
}, {
  "model": "auth.permission",
  "pk": 52,
  "fields": {
    "name": "Can add permission",
    "content_type": 18,
    "codename": "add_permission"
  }
}, {
  "model": "auth.permission",
  "pk": 53,
  "fields": {
    "name": "Can change permission",
    "content_type": 18,
    "codename": "change_permission"
  }
}, {
  "model": "auth.permission",
  "pk": 54,
  "fields": {
    "name": "Can delete permission",
    "content_type": 18,
    "codename": "delete_permission"
  }
}, {
  "model": "auth.permission",
  "pk": 55,
  "fields": {
    "name": "Can add group",
    "content_type": 19,
    "codename": "add_group"
  }
}, {
  "model": "auth.permission",
  "pk": 56,
  "fields": {
    "name": "Can change group",
    "content_type": 19,
    "codename": "change_group"
  }
}, {
  "model": "auth.permission",
  "pk": 57,
  "fields": {
    "name": "Can delete group",
    "content_type": 19,
    "codename": "delete_group"
  }
}, {
  "model": "auth.permission",
  "pk": 58,
  "fields": {
    "name": "Can add content type",
    "content_type": 20,
    "codename": "add_contenttype"
  }
}, {
  "model": "auth.permission",
  "pk": 59,
  "fields": {
    "name": "Can change content type",
    "content_type": 20,
    "codename": "change_contenttype"
  }
}, {
  "model": "auth.permission",
  "pk": 60,
  "fields": {
    "name": "Can delete content type",
    "content_type": 20,
    "codename": "delete_contenttype"
  }
}, {
  "model": "auth.permission",
  "pk": 61,
  "fields": {
    "name": "Can add session",
    "content_type": 21,
    "codename": "add_session"
  }
}, {
  "model": "auth.permission",
  "pk": 62,
  "fields": {
    "name": "Can change session",
    "content_type": 21,
    "codename": "change_session"
  }
}, {
  "model": "auth.permission",
  "pk": 63,
  "fields": {
    "name": "Can delete session",
    "content_type": 21,
    "codename": "delete_session"
  }
}, {
  "model": "accounts.user",
  "pk": 16,
  "fields": {
    "password": "pbkdf2_sha256$36000$YIfIfAeoGrI5$1/JhvfP8rJtCO/tTaZYCR8lK22XTx/hgWM39fmVphV4=",
    "last_login": "2018-01-15T00:27:06.845Z",
    "is_superuser": true,
    "identifier": "6291ba29-5920-448f-bd7a-7a76f7c53a7f",
    "email": "flamingo@everproof.com",
    "is_active": true,
    "is_staff": true,
    "first_name": "",
    "last_name": "",
    "phone": "",
    "current_organisation": null,
    "groups": [],
    "user_permissions": []
  }
}, {
  "model": "accounts.user",
  "pk": 17,
  "fields": {
    "password": "ellathomson",
    "last_login": "2018-01-15T00:27:42Z",
    "is_superuser": false,
    "identifier": "9aba698c-eff6-4e25-9ebe-e530c835c16a",
    "email": "ella.thomson@gmail.com",
    "is_active": false,
    "is_staff": false,
    "first_name": "Ella",
    "last_name": "Thomson",
    "phone": "0412345678",
    "current_organisation": 1,
    "groups": [],
    "user_permissions": []
  }
}, {
  "model": "accounts.user",
  "pk": 18,
  "fields": {
    "password": "lilyhughes",
    "last_login": "2018-01-15T00:27:42Z",
    "is_superuser": false,
    "identifier": "9aba698c-eff6-4e25-9ebe-e530c835c16b",
    "email": "lily.hughes@gmail.com",
    "is_active": false,
    "is_staff": false,
    "first_name": "Lily",
    "last_name": "Hughes",
    "phone": "0412345679",
    "current_organisation": 1,
    "groups": [],
    "user_permissions": []
  }
}, {
  "model": "accounts.user",
  "pk": 19,
  "fields": {
    "password": "lukeforsyth",
    "last_login": "2018-01-15T00:27:42Z",
    "is_superuser": false,
    "identifier": "9aba698c-eff6-4e25-9ebe-e530c835c16c",
    "email": "luke.forsyth@gmail.com",
    "is_active": false,
    "is_staff": false,
    "first_name": "Luke",
    "last_name": "Forsyth",
    "phone": "0412345600",
    "current_organisation": 1,
    "groups": [],
    "user_permissions": []
  }
}, {
  "model": "accounts.user",
  "pk": 20,
  "fields": {
    "password": "trevorball",
    "last_login": "2018-01-15T00:27:42Z",
    "is_superuser": false,
    "identifier": "9aba698c-eff6-4e25-9ebe-e530c835c16d",
    "email": "trevor.ball@gmail.com",
    "is_active": false,
    "is_staff": false,
    "first_name": "Trevor",
    "last_name": "Ball",
    "phone": "0498463284",
    "current_organisation": 1,
    "groups": [],
    "user_permissions": []
  }
}, {
  "model": "accounts.user",
  "pk": 21,
  "fields": {
    "password": "ellarandall",
    "last_login": "2018-01-15T00:27:42Z",
    "is_superuser": false,
    "identifier": "9aba698c-eff6-4e25-9ebe-e530c835c16e",
    "email": "ella.randall@gmail.com",
    "is_active": false,
    "is_staff": false,
    "first_name": "Ella",
    "last_name": "Randall",
    "phone": "0447283475",
    "current_organisation": 1,
    "groups": [],
    "user_permissions": []
  }
}, {
  "model": "accounts.user",
  "pk": 22,
  "fields": {
    "password": "chloeskinner",
    "last_login": "2018-01-15T00:27:42Z",
    "is_superuser": false,
    "identifier": "9aba698c-eff6-4e25-9ebe-e530c835c16f",
    "email": "chloe.skinner@gmail.com",
    "is_active": false,
    "is_staff": false,
    "first_name": "Chloe",
    "last_name": "Skinner",
    "phone": "0411684029",
    "current_organisation": 1,
    "groups": [],
    "user_permissions": []
  }
}, {
  "model": "accounts.user",
  "pk": 23,
  "fields": {
    "password": "isaacskinner",
    "last_login": "2018-01-15T00:27:42Z",
    "is_superuser": false,
    "identifier": "9aba698c-eff6-4e25-9ebe-e530c835c15a",
    "email": "isaac.skinner@gmail.com",
    "is_active": false,
    "is_staff": false,
    "first_name": "Isacc",
    "last_name": "Skinner",
    "phone": "0432858374",
    "current_organisation": 1,
    "groups": [],
    "user_permissions": []
  }
}, {
  "model": "accounts.user",
  "pk": 24,
  "fields": {
    "password": "jasonmorrison",
    "last_login": "2018-01-15T00:27:42Z",
    "is_superuser": false,
    "identifier": "9aba698c-eff6-4e25-9ebe-e530c835c15b",
    "email": "jason.morrison@gmail.com",
    "is_active": false,
    "is_staff": false,
    "first_name": "Jason",
    "last_name": "Morrison",
    "phone": "0412345346",
    "current_organisation": 1,
    "groups": [],
    "user_permissions": []
  }
}, {
  "model": "accounts.user",
  "pk": 25,
  "fields": {
    "password": "jenniferterry",
    "last_login": "2018-01-15T00:27:42Z",
    "is_superuser": false,
    "identifier": "9aba698c-eff6-4e25-9ebe-e530c835c15c",
    "email": "jennifer.terry@gmail.com",
    "is_active": false,
    "is_staff": false,
    "first_name": "Jennifer",
    "last_name": "Terry",
    "phone": "0474392951",
    "current_organisation": 1,
    "groups": [],
    "user_permissions": []
  }
}, {
  "model": "accounts.user",
  "pk": 26,
  "fields": {
    "password": "julianmorgan",
    "last_login": "2018-01-15T00:27:42Z",
    "is_superuser": false,
    "identifier": "9aba698c-eff6-4e25-9ebe-e530c835c15d",
    "email": "julian.morgan@gmail.com",
    "is_active": false,
    "is_staff": false,
    "first_name": "Julian",
    "last_name": "Morgan",
    "phone": "0418374639",
    "current_organisation": 1,
    "groups": [],
    "user_permissions": []
  }
}, {
  "model": "accounts.user",
  "pk": 27,
  "fields": {
    "password": "adianclark",
    "last_login": "2018-01-15T00:27:42Z",
    "is_superuser": false,
    "identifier": "9aba698c-eff6-4e25-9ebe-e530c835c15e",
    "email": "adrian.clark@gmail.com",
    "is_active": false,
    "is_staff": false,
    "first_name": "Adrian",
    "last_name": "Clark",
    "phone": "0457683920",
    "current_organisation": 1,
    "groups": [],
    "user_permissions": []
  }
}, {
  "model": "accounts.user",
  "pk": 28,
  "fields": {
    "password": "donnaferguson",
    "last_login": "2018-01-15T00:27:42Z",
    "is_superuser": false,
    "identifier": "9aba698c-eff6-4e25-9ebe-e530c835c15f",
    "email": "donna.ferguson@gmail.com",
    "is_active": false,
    "is_staff": false,
    "first_name": "Donna",
    "last_name": "Ferguson",
    "phone": "0467584978",
    "current_organisation": 1,
    "groups": [],
    "user_permissions": []
  }
}, {
  "model": "accounts.user",
  "pk": 29,
  "fields": {
    "password": "michaeltucker",
    "last_login": "2018-01-15T00:27:42Z",
    "is_superuser": false,
    "identifier": "9aba698c-eff6-4e25-9ebe-e530c835c14a",
    "email": "michael.tucker@gmail.com",
    "is_active": false,
    "is_staff": false,
    "first_name": "Michael",
    "last_name": "Tucker",
    "phone": "0410233478",
    "current_organisation": 1,
    "groups": [],
    "user_permissions": []
  }
}, {
  "model": "accounts.user",
  "pk": 30,
  "fields": {
    "password": "soniawallace",
    "last_login": "2018-01-15T00:27:42Z",
    "is_superuser": false,
    "identifier": "9aba698c-eff6-4e25-9ebe-e530c835c14b",
    "email": "sonia.wallace@gmail.com",
    "is_active": false,
    "is_staff": false,
    "first_name": "Sonia",
    "last_name": "Wallace",
    "phone": "0467573310",
    "current_organisation": 1,
    "groups": [],
    "user_permissions": []
  }
}, {
  "model": "organisations.member",
  "pk": 48,
  "fields": {
    "identifier": "1c871126-ba26-403f-a624-092853513442",
    "user": 17,
    "organisation": 1,
    "level": "",
    "groups": [],
    "roles": []
  }
}, {
  "model": "admin.logentry",
  "pk": 97,
  "fields": {
    "action_time": "2018-01-15T00:27:24.216Z",
    "user": 16,
    "content_type": 1,
    "object_id": "15",
    "object_repr": "mperrott6@gmail.com",
    "action_flag": 3,
    "change_message": ""
  }
}, {
  "model": "admin.logentry",
  "pk": 98,
  "fields": {
    "action_time": "2018-01-15T00:32:11.087Z",
    "user": 16,
    "content_type": 1,
    "object_id": "17",
    "object_repr": "ella.thomson@gmail.com",
    "action_flag": 1,
    "change_message": "[{\"added\": {}}]"
  }
}, {
  "model": "organisations.role",
  "pk": 19,
  "fields": {
    "identifier": "9f6bd9f3-6421-47ef-b0b2-9c62a6e5d07f",
    "name": "Manager",
    "organisation": 1
  }
}, {
  "model": "organisations.role",
  "pk": 20,
  "fields": {
    "identifier": "9804cbd6-aa23-4bc1-8d76-554f52f55eaf",
    "name": "Basketball Coach",
    "organisation": 1
  }
}, {
  "model": "organisations.role",
  "pk": 21,
  "fields": {
    "identifier": "03197993-1a47-4997-86e3-bfe443fb70e1",
    "name": "Referee",
    "organisation": 5
  }
}, {
  "model": "organisations.role",
  "pk": 22,
  "fields": {
    "identifier": "207f4b93-5096-4eee-b0de-28e087a4dd9a",
    "name": "Carer",
    "organisation": 6
  }
}, {
  "model": "organisations.role",
  "pk": 23,
  "fields": {
    "identifier": "0f949cb2-42b1-4256-aefa-d3fce301da9b",
    "name": "Manager",
    "organisation": 6
  }
}, {
  "model": "organisations.role",
  "pk": 24,
  "fields": {
    "identifier": "7a89356c-10a3-4f82-a019-149f5044a82d",
    "name": "Referee",
    "organisation": 1
  }
}, {
  "model": "organisations.role",
  "pk": 25,
  "fields": {
    "identifier": "39df1c00-706a-4424-b981-d26b29d64359",
    "name": "Coach",
    "organisation": 5
  }
}, {
  "model": "organisations.role",
  "pk": 26,
  "fields": {
    "identifier": "1788d5b0-3849-4064-ae58-97c9c4b3c545",
    "name": "Team Manager",
    "organisation": 5
  }
}, {
  "model": "organisations.role",
  "pk": 27,
  "fields": {
    "identifier": "a8754930-77c1-4b66-8015-71c9d18c6efb",
    "name": "Parent",
    "organisation": 5
  }
}, {
  "model": "organisations.role",
  "pk": 28,
  "fields": {
    "identifier": "e426088d-9fbe-4602-8a47-bb6847aa4347",
    "name": "Receptionist",
    "organisation": 6
  }
}, {
  "model": "organisations.rolerequirements",
  "pk": 79,
  "fields": {
    "identifier": "3d6b64b4-660c-4ef1-b28d-9492bce7d3e7",
    "name": "First Aid Certificate",
    "organisation": 1,
    "roles": [20],
    "courses": [2, 7]
  }
}, {
  "model": "organisations.rolerequirements",
  "pk": 80,
  "fields": {
    "identifier": "009dc314-f564-4846-ac30-da814d9026fb",
    "name": "Working With Children Check",
    "organisation": 1,
    "roles": [20, 19, 24],
    "courses": [1, 6]
  }
}, {
  "model": "organisations.rolerequirements",
  "pk": 81,
  "fields": {
    "identifier": "03433d40-9866-49cb-b774-014f176f594e",
    "name": "Level 1 Basketball Refereeing",
    "organisation": 1,
    "roles": [24],
    "courses": [1]
  }
}, {
  "model": "organisations.rolerequirements",
  "pk": 82,
  "fields": {
    "identifier": "1dbf111e-8222-40c5-94d7-56bbc3eb7221",
    "name": "Working With Children Check",
    "organisation": 5,
    "roles": [21, 25, 26, 27],
    "courses": [1]
  }
}, {
  "model": "organisations.rolerequirements",
  "pk": 83,
  "fields": {
    "identifier": "f0277bdc-b01f-4d13-95d2-494a804455b1",
    "name": "Level 1 Water Polo Refereeing",
    "organisation": 5,
    "roles": [21],
    "courses": [8]
  }
}, {
  "model": "organisations.rolerequirements",
  "pk": 84,
  "fields": {
    "identifier": "2faabc10-a022-437e-8392-c4cc8d983a50",
    "name": "Working With Children Check",
    "organisation": 6,
    "roles": [22, 23, 28],
    "courses": [1]
  }
}, {
  "model": "organisations.rolerequirements",
  "pk": 85,
  "fields": {
    "identifier": "5c7eb2c5-c448-4cdf-aa1e-5bfa30ed59a2",
    "name": "Bachelor of Commerce",
    "organisation": 6,
    "roles": [23],
    "courses": [8]
  }
}, {
  "model": "organisations.rolerequirements",
  "pk": 88,
  "fields": {
    "identifier": "44c650bc-930c-44c1-b2d2-6dd9f3e1c457",
    "name": "Provide CPR",
    "organisation": 6,
    "roles": [22],
    "courses": [7, 2]
  }
}, {
  "model": "organisations.member",
  "pk": 48,
  "fields": {
    "identifier": "1c871126-ba26-403f-a624-092853513442",
    "user": 17,
    "organisation": 1,
    "level": "",
    "groups": [],
    "roles": []
  }
}, {
  "model": "organisations.member",
  "pk": 49,
  "fields": {
    "identifier": "2450a10e-f2af-4e00-ae62-ab4cb191d8b6",
    "user": 17,
    "organisation": 6,
    "level": "",
    "groups": [],
    "roles": [23]
  }
}, {
  "model": "organisations.member",
  "pk": 50,
  "fields": {
    "identifier": "11bf16dc-64f9-4c2d-8bfc-7dba12c85a1a",
    "user": 22,
    "organisation": 6,
    "level": "",
    "groups": [],
    "roles": [28]
  }
}, {
  "model": "organisations.member",
  "pk": 51,
  "fields": {
    "identifier": "07b6085e-e1d6-4228-9ae1-c4f98814822d",
    "user": 24,
    "organisation": 6,
    "level": "ADMIN",
    "groups": [],
    "roles": []
  }
}, {
  "model": "organisations.member",
  "pk": 52,
  "fields": {
    "identifier": "857a8b56-54e3-458f-ace5-a96e66afff8d",
    "user": 18,
    "organisation": 6,
    "level": "",
    "groups": [],
    "roles": [28]
  }
}, {
  "model": "organisations.member",
  "pk": 53,
  "fields": {
    "identifier": "b208f40b-c865-4d6a-997f-9d649d8fcc91",
    "user": 27,
    "organisation": 6,
    "level": "",
    "groups": [],
    "roles": [28, 23]
  }
}, {
  "model": "organisations.member",
  "pk": 55,
  "fields": {
    "identifier": "d40f76fb-6c70-49d3-b281-395ffc88a14f",
    "user": 29,
    "organisation": 6,
    "level": "",
    "groups": [],
    "roles": [23]
  }
}, {
  "model": "organisations.member",
  "pk": 56,
  "fields": {
    "identifier": "2ec662f3-a896-439d-a526-bc7de0edb934",
    "user": 26,
    "organisation": 5,
    "level": "",
    "groups": [],
    "roles": [26, 27]
  }
}, {
  "model": "organisations.member",
  "pk": 57,
  "fields": {
    "identifier": "b958650b-eb89-4a76-99a5-3a1d5c0d18f2",
    "user": 19,
    "organisation": 5,
    "level": "",
    "groups": [],
    "roles": [25]
  }
}, {
  "model": "organisations.member",
  "pk": 58,
  "fields": {
    "identifier": "ada43df6-f271-4220-881c-93fc6b3713ce",
    "user": 20,
    "organisation": 5,
    "level": "ADMIN",
    "groups": [],
    "roles": []
  }
}, {
  "model": "organisations.member",
  "pk": 59,
  "fields": {
    "identifier": "afd3b349-8ab5-4ac2-8fcf-cc12cf9f169c",
    "user": 27,
    "organisation": 5,
    "level": "",
    "groups": [],
    "roles": [27]
  }
}, {
  "model": "organisations.member",
  "pk": 60,
  "fields": {
    "identifier": "090e4070-c559-49d2-9106-89f35cdb635b",
    "user": 29,
    "organisation": 5,
    "level": "ADMIN",
    "groups": [],
    "roles": [26, 27]
  }
}, {
  "model": "organisations.member",
  "pk": 61,
  "fields": {
    "identifier": "26895e1a-1487-413d-b8bf-7945dac6fc56",
    "user": 30,
    "organisation": 1,
    "level": "",
    "groups": [],
    "roles": [24]
  }
}, {
  "model": "organisations.member",
  "pk": 62,
  "fields": {
    "identifier": "5412c84c-5712-4dcc-9636-553e8cfa9b4a",
    "user": 21,
    "organisation": 1,
    "level": "",
    "groups": [],
    "roles": [20]
  }
}, {
  "model": "organisations.member",
  "pk": 63,
  "fields": {
    "identifier": "c387da9d-1205-443b-bfa1-4c9a9e7bf527",
    "user": 23,
    "organisation": 1,
    "level": "",
    "groups": [],
    "roles": [19]
  }
}, {
  "model": "organisations.member",
  "pk": 64,
  "fields": {
    "identifier": "6a4df281-aac1-49e8-aeb2-3f12dba89e86",
    "user": 28,
    "organisation": 1,
    "level": "ADMIN",
    "groups": [],
    "roles": [24, 19]
  }
}]
